<?xml version="1.0" encoding="UTF-8"?>
<project-private xmlns="http://www.netbeans.org/ns/project-private/1">
    <editor-bookmarks xmlns="http://www.netbeans.org/ns/editor-bookmarks/2" lastBookmarkId="0"/>
    <open-files xmlns="http://www.netbeans.org/ns/projectui-open-files/2">
        <group>
            <file>file:/C:/Users/dmonterroso/Desktop/IPC1%20Diciembre%202017/Proyecto2/src/proyecto2/Inicio.java</file>
            <file>file:/C:/Users/dmonterroso/Desktop/IPC1%20Diciembre%202017/Proyecto2/src/proyecto2/ListaCircularDoble.java</file>
            <file>file:/C:/Users/dmonterroso/Desktop/IPC1%20Diciembre%202017/Proyecto2/src/proyecto2/Avion.java</file>
            <file>file:/C:/Users/dmonterroso/Desktop/IPC1%20Diciembre%202017/Proyecto2/src/proyecto2/ListaEnlazadaSimple.java</file>
            <file>file:/C:/Users/dmonterroso/Desktop/IPC1%20Diciembre%202017/Proyecto2/src/proyecto2/Proyecto2.java</file>
            <file>file:/C:/Users/dmonterroso/Desktop/IPC1%20Diciembre%202017/Proyecto2/src/proyecto2/Nodo.java</file>
            <file>file:/C:/Users/dmonterroso/Desktop/IPC1%20Diciembre%202017/Proyecto2/src/proyecto2/Simulador.java</file>
            <file>file:/C:/Users/dmonterroso/Desktop/IPC1%20Diciembre%202017/Proyecto2/src/proyecto2/Lista.java</file>
        </group>
    </open-files>
</project-private>
